Titles,Upvotes,# of Comments,Links
Popular Streamer Kai Cenat gets what possibly looks like a handjob live on stream infront of 100k people,14423,1660,https://www.reddit.com/r/LivestreamFail/comments/119modf/popular_streamer_kai_cenat_gets_what_possibly/
The victim that was r*aped at Kai's party accuses Kai of being a liar and not cooperating with police before deleting her account,10270,1515,https://www.reddit.com/r/LivestreamFail/comments/10ckste/the_victim_that_was_raped_at_kais_party_accuses/
Kai gifts subs to small streamer and then the streamer asks about Kai's most recent controversy,9810,493,https://www.reddit.com/r/LivestreamFail/comments/11abe5k/kai_gifts_subs_to_small_streamer_and_then_the/
"Kai Cenat is being charged with inciting a riot, 64 people were arrested at his fan meetup in Union Square Park",7982,1156,https://www.reddit.com/r/LivestreamFail/comments/15ihj01/kai_cenat_is_being_charged_with_inciting_a_riot/
"Kai thinks that hes taking all the Heat because ""she went to the internet first""",6119,970,https://www.reddit.com/r/LivestreamFail/comments/105bxpj/kai_thinks_that_hes_taking_all_the_heat_because/
"Blueface's girlfriend, Chrisean Rock, throws a chair at Kai's wall and makes a hole",5953,811,https://www.reddit.com/r/LivestreamFail/comments/z1kisq/bluefaces_girlfriend_chrisean_rock_throws_a_chair/
Kai cenat friend homophobia,5941,1108,https://www.reddit.com/r/LivestreamFail/comments/1101haz/kai_cenat_friend_homophobia/
Trainwrecks tells Kai and Adin that Twitch is paying smaller streamers like Hasan and Poki a lot of money,5872,1153,https://www.reddit.com/r/LivestreamFail/comments/yt0wvm/trainwrecks_tells_kai_and_adin_that_twitch_is/
Game awards kid tries to crash xqc and Kai universal trip,5714,647,https://www.reddit.com/r/LivestreamFail/comments/117m2yx/game_awards_kid_tries_to_crash_xqc_and_kai/
Kai cenat banned,4780,700,https://www.reddit.com/r/LivestreamFail/comments/12pynpr/kai_cenat_banned/
Kai Cenat Banned,4775,626,https://www.reddit.com/r/LivestreamFail/comments/10lyrir/kai_cenat_banned/
Kai Cenat's vehicle speeds away with fans falling off of the van,4101,618,https://www.reddit.com/r/LivestreamFail/comments/15iaum8/kai_cenats_vehicle_speeds_away_with_fans_falling/
Bruce On The Only Thing He'll Say About The Kai Situation,4047,361,https://www.reddit.com/r/LivestreamFail/comments/1063pdh/bruce_on_the_only_thing_hell_say_about_the_kai/
xQc on why he isn't calling for a ban on Kai like he did Mizkif,3691,935,https://www.reddit.com/r/LivestreamFail/comments/1057mxg/xqc_on_why_he_isnt_calling_for_a_ban_on_kai_like/
A woman who messaged the victim in support and has had experience around Kai and his friends refers to them as horny predators,3526,316,https://www.reddit.com/r/LivestreamFail/comments/1058cuv/a_woman_who_messaged_the_victim_in_support_and/
"Kai Cenat mod unjustly bans viewer, says they have to cashapp to get unbanned",3442,444,https://www.reddit.com/r/LivestreamFail/comments/z2cyi7/kai_cenat_mod_unjustly_bans_viewer_says_they_have/
The alleged victim from Kai's party describes what she's been going through the last week.,3395,362,https://www.reddit.com/r/LivestreamFail/comments/104wxr8/the_alleged_victim_from_kais_party_describes_what/
Destiny on listening to Kai's stream for 10 minutes last night,3374,334,https://www.reddit.com/r/LivestreamFail/comments/105ubn7/destiny_on_listening_to_kais_stream_for_10/
How Kai handled the situation,3341,604,https://www.reddit.com/r/LivestreamFail/comments/104wsit/how_kai_handled_the_situation/
Destiny calls Kai spoilt,3103,602,https://www.reddit.com/r/LivestreamFail/comments/zg6mr3/destiny_calls_kai_spoilt/
Kai meets a fan in Tokyo,2764,387,https://www.reddit.com/r/LivestreamFail/comments/14zz60m/kai_meets_a_fan_in_tokyo/
"xQc wins the Just Chatting award, pays homage to KaiCenat",2707,182,https://www.reddit.com/r/LivestreamFail/comments/zcu4ko/xqc_wins_the_just_chatting_award_pays_homage_to/
Kai Cenat union square giveway turns in to a riot,2670,673,https://www.reddit.com/r/LivestreamFail/comments/15i9yi3/kai_cenat_union_square_giveway_turns_in_to_a_riot/
Kai Cenat wins Streamer of the Year at the Streamies,2573,575,https://www.reddit.com/r/LivestreamFail/comments/zcvdu8/kai_cenat_wins_streamer_of_the_year_at_the/
Destiny on Mizkids saying what Kai did was worse,2403,700,https://www.reddit.com/r/LivestreamFail/comments/105wjek/destiny_on_mizkids_saying_what_kai_did_was_worse/
Kai's reply to Destiny,2301,1707,https://www.reddit.com/r/LivestreamFail/comments/zfoo6j/kais_reply_to_destiny/
Kai knew shit is going down but did it anyway!!,2286,330,https://www.reddit.com/r/LivestreamFail/comments/15ikuw3/kai_knew_shit_is_going_down_but_did_it_anyway/
Game award kid tries to disguise himself to get close to Kai,2270,291,https://www.reddit.com/r/LivestreamFail/comments/117paox/game_award_kid_tries_to_disguise_himself_to_get/
Kai calls out Brucedropemoff after the DMs that were leaked dissing him,2221,450,https://www.reddit.com/r/LivestreamFail/comments/176mik7/kai_calls_out_brucedropemoff_after_the_dms_that/
