Titles,Upvotes,# of Comments,Links,Pinned Comment: 
Shroud scratches his nose,5759,116,https://www.reddit.com/r/LivestreamFail/comments/16fezlw/shroud_scratches_his_nose/,"**CLIP MIRROR: 
 [Shroud scratches his nose](https://arazu.io/t3_16fezlw/)** 
 --- 
 ^(*This is an automated comment*)"
Shroud gets a surprise bj,5750,187,https://www.reddit.com/r/LivestreamFail/comments/15isrk3/shroud_gets_a_surprise_bj/,"**CLIP MIRROR: 
 [Shroud gets a surprise bj](https://arazu.io/t3_15isrk3/)** 
 --- 
 ^(*This is an automated comment*)"
Shroud finds Summit in DayZ moments after wiping out his entire squad,4495,149,https://www.reddit.com/r/LivestreamFail/comments/1187725/shroud_finds_summit_in_dayz_moments_after_wiping/,"**CLIP MIRROR: 
 [Shroud finds Summit in DayZ moments after wiping out his entire squad](https://arazu.io/t3_1187725/)** 
 --- 
 ^(*This is an automated comment*)"
Indian Shroud tries out CS2,3412,55,https://www.reddit.com/r/LivestreamFail/comments/16z45h9/indian_shroud_tries_out_cs2/,"**CLIP MIRROR: 
 [Indian Shroud tries out CS2](https://arazu.io/t3_16z45h9/)** 
 --- 
 ^(*This is an automated comment*)"
Shroud gets crazy 1v5 clutch,3271,143,https://www.reddit.com/r/LivestreamFail/comments/13abzt5/shroud_gets_crazy_1v5_clutch/,"**CLIP MIRROR: 
 [Shroud gets crazy 1v5 clutch](https://arazu.io/t3_13abzt5/)** 
 --- 
 ^(*This is an automated comment*)"
Shroud loses lvl 100 Druid due to lag,3193,506,https://www.reddit.com/r/LivestreamFail/comments/144wm80/shroud_loses_lvl_100_druid_due_to_lag/,"**CLIP MIRROR: 
 [Shroud loses lvl 100 Druid due to lag](https://arazu.io/t3_144wm80/)** 
 --- 
 ^(*This is an automated comment*)"
